player_display_name,predicted_points
Ja'Marr Chase,288.12048
Josh Allen,275.81192
Lamar Jackson,274.51886
Saquon Barkley,274.21198
Bijan Robinson,272.07214
Jayden Daniels,269.00143
Jahmyr Gibbs,267.306
Baker Mayfield,249.51389
Bo Nix,248.1108
Justin Herbert,236.60301
Justin Jefferson,236.05766
Amon-Ra St. Brown,233.5381
Jordan Love,228.28952
Jared Goff,225.05621
Patrick Mahomes,224.11945
Taysom Hill,223.2279
Tua Tagovailoa,221.61862
Drake London,221.0251
De'Von Achane,218.42433
Malik Nabers,216.83882
Joe Burrow,216.37193
Jalen Hurts,215.68562
Bucky Irving,215.34625
Kyler Murray,211.61382
Brian Thomas Jr.,210.27324
Breece Hall,207.41418
Chuba Hubbard,207.09013
Jaxon Smith-Njigba,206.61787
CeeDee Lamb,205.40178
C.J. Stroud,203.71976
D'Andre Swift,201.26276
Derrick Henry,201.01228
Chase Brown,200.4332
Brock Purdy,198.36668
Rhamondre Stevenson,197.0606
Josh Jacobs,195.2744
Terry McLaurin,194.84041
Garrett Wilson,192.8577
Caleb Williams,192.62679
James Conner,192.32718
Sam Darnold,190.65263
Ladd McConkey,190.47641
Kyren Williams,190.11266
A.J. Brown,189.16225
Puka Nacua,183.05008
Jonathan Taylor,181.45236
Nico Collins,179.97133
Tee Higgins,179.56157
Trey McBride,179.15475
Brock Bowers,177.77437
James Cook,176.97061
Jerry Jeudy,175.57964
Geno Smith,175.47993
George Kittle,174.29744
DJ Moore,170.8041
Josh Downs,169.30005
Mike Evans,168.9837
Drake Maye,167.39217
DeVonta Smith,166.56279
Courtland Sutton,166.27379
Zay Flowers,165.85756
Najee Harris,163.84161
J.K. Dobbins,163.62828
Jauan Jennings,162.57094
Jameson Williams,161.62125
Marvin Harrison Jr.,161.46204
Chris Godwin Jr.,158.45097
Davante Adams,155.8066
Rachaad White,155.14558
Calvin Ridley,154.14613
Jordan Addison,153.63898
Trevor Lawrence,152.74248
Jonnu Smith,152.22192
Khalil Shakir,151.43979
George Pickens,151.03925
Tucker Kraft,150.3525
Mark Andrews,150.01483
Javonte Williams,149.4439
Quentin Johnston,148.68521
David Montgomery,148.5239
Wan'Dale Robinson,148.33922
Tony Pollard,148.20769
Alvin Kamara,147.82097
Aaron Jones,147.08783
Brian Robinson,146.92528
Jakobi Meyers,145.65887
Zach Charbonnet,143.65419
Xavier Worthy,143.27048
Rico Dowdle,142.98581
Dak Prescott,142.20467
DK Metcalf,141.08727
Tyreek Hill,140.76222
Darnell Mooney,140.30627
Cooper Kupp,139.54742
Justin Fields,137.79112
Rome Odunze,137.3841
Kenneth Walker III,136.09515
Jayden Reed,135.99626
Matthew Stafford,135.7384
Rashod Bateman,135.01027
Tank Bigsby,132.0121
Sam LaPorta,130.65434
Hunter Henry,130.14937
Anthony Richardson,129.7389
Travis Etienne,128.77327
Tyler Allgeier,127.87273
Mike Gesicki,127.13426
Michael Pittman,125.15953
Alec Pierce,125.15484
Tyrone Tracy Jr.,124.916084
Keenan Allen,124.597015
Adonai Mitchell,123.148636
Austin Ekeler,122.91209
Aaron Rodgers,120.68031
Travis Kelce,118.73112
Kareem Hunt,116.60997
Justice Hill,116.16854
Romeo Doubs,115.36957
Ray-Ray McCloud,115.341286
Jaylen Waddle,114.70888
Keon Coleman,114.41582
Pat Freiermuth,113.64296
Xavier Legette,112.80374
Kirk Cousins,112.75182
DeMario Douglas,111.55952
Ameer Abdullah,111.50921
Cam Akers,109.61442
Daniel Jones,109.337715
Ray Davis,108.19323
Jaylen Warren,107.89841
Kyle Pitts,106.56248
Bryce Young,105.14726
Jalen Tolbert,105.125465
Jerome Ford,103.81504
Michael Wilson,103.44566
Jonathan Mingo,102.66778
Jalen McMillan,102.00069
DeAndre Hopkins,101.77909
Chris Olave,101.65703
Cade Otton,101.42027
Jameis Winston,101.27312
Chig Okonkwo,100.338554
Jaleel McLaughlin,100.30533
Rashee Rice,100.016174
Marvin Mims Jr.,99.94158
Isaac Guerendo,99.52858
Jordan Mason,98.83477
T.J. Hockenson,98.13557
Deebo Samuel Sr.,96.78261
Emanuel Wilson,96.66306
Sean Tucker,96.53838
Isaiah Likely,96.48979
Antonio Gibson,95.83039
Drew Lock,95.18653
Ty Johnson,94.967896
Will Dissly,94.92984
Noah Fant,94.44027
Mac Jones,94.198944
Christian Watson,93.856064
Cole Kmet,93.764786
Dalton Kincaid,93.2763
Kayshon Boutte,92.65781
Brenton Strange,92.634636
Tyjae Spears,92.25998
Josh Palmer,91.54943
Elijah Moore,90.491394
Stefon Diggs,90.349106
Dalton Schultz,90.06314
Ricky Pearsall,89.887535
Christian McCaffrey,87.88674
Trey Benson,87.43477
Braelon Allen,87.337074
Tre Tucker,86.650024
Gardner Minshew,86.522285
Noah Gray,86.426735
Cedric Tillman,86.31913
Mason Rudolph,86.23721
Devin Singletary,85.96343
Zach Ertz,85.32167
Jeremy McNichols,85.280174
Dontayvion Wicks,85.16282
Russell Wilson,83.983185
Christian Kirk,83.678566
Kendre Miller,83.17072
Tutu Atwell,82.46919
Adam Thielen,81.64846
Nick Chubb,81.55613
KaVontae Turpin,81.503204
Darius Slayton,81.19102
Olamide Zaccheaus,80.873474
Allen Lazard,80.76328
Juwan Johnson,80.76118
Devaughn Vele,79.85938
Raheem Mostert,79.66729
Chris Brooks,78.3097
David Njoku,78.12917
Emari Demercado,77.92535
Troy Franklin,77.58258
Parker Washington,77.12415
Greg Dortch,77.06891
Austin Hooper,76.62469
Trey Sermon,76.24178
AJ Barner,74.54689
Clyde Edwards-Helaire,74.47695
Malachi Corley,73.9496
Foster Moreau,73.39231
Calvin Austin III,73.09509
Hassan Haskins,72.995674
Nick Westbrook-Ikhine,72.96422
Andrei Iosivas,72.57865
Michael Penix Jr.,72.37984
Roschon Johnson,72.19132
Dallas Goedert,72.084984
Tyler Lockett,71.9023
Noah Brown,71.71117
Samaje Perine,71.43078
John Metchie III,70.223495
Tim Patrick,70.09661
Jalen Coker,69.9947
Ja'Tavion Sanders,69.21051
Jalen Nailor,68.87617
Isaiah Davis,68.56633
Tyler Conklin,67.606445
Jordan Whittington,67.351776
Jake Ferguson,66.60061
Theo Johnson,66.54575
Dameon Pierce,66.53756
Marquez Valdes-Scantling,65.938545
Tyler Goodson,65.81197
Tommy Tremble,65.586365
Kenny Gainwell,64.71336
Luke Schoonmaker,64.27203
Mack Hollins,64.258995
Gabe Davis,64.1067
Miles Sanders,64.10204
Demarcus Robinson,63.949165
Audric Estimé,63.66784
Zamir White,63.64394
Michael Mayer,63.451412
Colby Parkinson,63.302853
Evan Engram,62.699116
Derius Davis,62.19114
Brandin Cooks,61.740456
Malik Washington,60.35659
Tyler Johnson,60.102097
Blake Corum,60.057564
DeeJay Dallas,60.05164
Marcus Mariota,59.47892
Dare Ogunbowale,59.430145
Aidan O'Connell,59.419834
Dyami Brown,59.092663
Darnell Washington,58.872887
Kevin Austin Jr.,58.688324
Joe Flacco,58.199932
Jaylen Wright,57.36032
Michael Carter,57.15922
Jalen Brooks,57.11189
Luke McCaffrey,57.092556
David Moore,56.91191
Kenny Pickett,56.21554
Clayton Tune,56.197227
Kendrick Bourne,56.15876
Rashid Shaheed,56.09007
Treylon Burks,55.709103
Skyy Moore,55.400093
Josh Oliver,55.23763
Ryan Miller,55.211037
Grant Calcaterra,54.83886
Sterling Shepard,53.942966
Craig Reynolds,53.546
Xavier Hutchinson,53.408997
Ronnie Rivers,53.16808
Devontez Walker,53.077095
Lil'Jordan Humphrey,52.750835
JuJu Smith-Schuster,52.704018
Justin Watson,52.28141
Jahan Dotson,52.04703
Josh Whyle,51.785755
Van Jefferson,51.724426
Tyquan Thornton,51.455193
Dawson Knox,51.241554
Kalif Raymond,51.0933
Patrick Ricard,50.302208
Dee Eskridge,50.18216
Curtis Samuel,50.04516
D'Ernest Johnson,49.969536
Tylan Wallace,49.446514
Dante Pettis,49.35405
Mason Tipton,48.605953
Cedrick Wilson Jr.,48.56144
Will Shipley,48.427094
Ashton Dulin,48.261948
Simi Fehoko,47.421574
Charlie Kolar,46.959778
Kene Nwangwu,46.208862
Trey Lance,46.144882
Josh Reynolds,46.022316
Tanner Hudson,45.977654
Jeremy Ruckert,45.912712
Casey Washington,45.50603
Scott Miller,45.3265
Zay Jones,44.93959
Malik Willis,44.485283
Malik Heath,43.95844
Parris Campbell,43.917084
Tyrell Shavers,43.40297
Jalin Hyatt,43.022
Chris Rodriguez Jr.,42.94196
DJ Turner,42.762043
Trayveon Williams,42.72032
Julius Chestnut,42.66468
Isiah Pacheco,42.522156
Tyler Huntley,42.29325
Travis Homer,42.260265
Luke Musgrave,42.214046
Jake Browning,42.11722
Daniel Bellinger,41.940147
Jake Bobo,41.603893
Elijah Higgins,41.55565
Brady Russell,41.259342
Spencer Rattler,41.19886
Avery Williams,41.19437
Jakob Johnson,40.97081
Cooper Rush,40.911434
Ben Sinnott,40.871212
Sione Vaki,40.757133
Joe Milton III,40.750557
Kylen Granson,40.184788
Khalil Herbert,39.92796
Cade Stover,39.880737
Ty Chandler,39.804905
Bryce Oliver,39.71341
Ryan Flournoy,39.423527
KhaDarel Hodge,39.359947
Hunter Luepke,39.244534
Robbie Chosen,39.08304
Tyler Badie,38.3878
Jimmy Garoppolo,38.379005
Adam Trautman,38.28646
Jacoby Brissett,37.621273
Joshua Dobbs,37.237022
Johnny Mundt,37.087593
Mitchell Trubisky,36.761555
Kimani Vidal,36.225662
Drew Sample,35.863197
Stone Smartt,35.829227
Jamari Thrash,35.390587
Austin Trammell,35.281334
Ben Skowronek,34.600758
Devin Duvernay,34.309258
Reggie Gilliam,34.149452
River Cracraft,33.7474
Marquise Brown,33.18955
Jordan Mims,33.052696
Gary Brightwell,32.872795
Ronnie Bell,32.8482
Velus Jones Jr.,32.8178
Andy Dalton,32.18154
Harrison Bryant,32.14765
Keaton Mitchell,32.03249
Tip Reiman,31.951115
Brycen Tremayne,31.861774
Tanner McKee,31.840826
Isaiah Hodgins,31.76764
Greg Dulcich,31.469973
Eric Gray,31.454102
Deven Thompkins,30.757803
Hunter Long,30.626535
Kyle Allen,30.415842
Britain Covey,30.038654
Charlie Jones,29.503277
Mo Alie-Cox,29.474297
Lucas Krull,29.165415
Carson Wentz,29.13714
Trent Sherfield,28.92545
Isaiah Williams,28.710283
Xavier Gipson,28.253967
Nate Adkins,27.985695
Rasheen Ali,27.872683
Davis Mills,27.851591
Mason Kinsey,27.745205
Nick Mullens,27.74386
Myles Gaskin,27.229015
Tyson Bagent,27.149004
James Proche,27.081177
Braxton Berrios,27.01056
John Bates,26.802742
Dareke Young,26.234493
Durham Smythe,26.184303
Tom Kennedy,25.707718
Chris Blair,25.202604
Chris Oladokun,25.082634
Luke Farrell,24.880274
Brock Wright,24.823605
Cody White,24.47427
George Holani,23.83776
Marcedes Lewis,23.732119
Davis Allen,23.66983
Justin Shorter,23.662045
Steven Sims,23.622053
Tyrod Taylor,23.307959
Will Mallory,22.899616
Alex Bachman,22.898487
Tay Martin,22.72218
Jared Wiley,22.544767
Xavier Weaver,22.041084
Kaden Davis,21.963417
Payne Durham,21.9267
Chris Manhertz,21.382828
Josiah Deguara,21.282915
Brevyn Spann-Ford,21.192394
Devin Culp,21.171728
Dylan Laube,20.54542
Andrew Ogletree,20.067127
Jarrett Stidham,19.988234
Tyler Higbee,18.39914
Nikko Remigio,18.374836
Terrell Jennings,17.570635
Ian Thomas,17.008823
British Brooks,16.863441
Charlie Woerner,16.55155
Quintin Morris,15.371238
Tim Jones,15.2598915
Mecole Hardman,15.150873
Pharaoh Brown,14.872288
Julian Hill,14.230254
Kameron Johnson,14.032019
Eric Saubert,14.029983
Colson Yankoff,12.508598
Brayden Willis,12.308405
Anthony Gould,11.19199
Ross Dwelley,10.230458
Blake Whiteheart,10.024982
Feleipe Franks,9.833517
Shane Zylstra,9.762854
John FitzPatrick,9.601312
E.J. Jenkins,9.537811
Ben Sims,9.310547
DeAndre Carter,8.994728
Cam Grandy,8.953948
Josh Johnson,8.874972
Tanner Conner,8.57176
Tucker Fisk,8.045274
Jack Stoll,7.379263
Anthony Firkser,7.3120127
Brandon Allen,6.8939924
Jake Tonges,6.6881185
David Martin-Robinson,5.8473687
Brenden Bates,5.6735444
Princeton Fant,5.481683
Ko Kieft,4.6087146
Xavier Smith,1.4047254
