player_display_name,predicted_points,vorp,position,pos_rank,overall_rank
Jahmyr Gibbs,281.1726,155.88367,RB,1,1
Bijan Robinson,279.07925,153.79031,RB,2,2
Jaxon Smith-Njigba,278.43158,132.82962,WR,1,3
De'Von Achane,252.96527,127.67634,RB,3,4
Trey McBride,254.76093,126.41409,TE,1,5
Ja'Marr Chase,261.71216,116.1102,WR,2,6
Jonathan Taylor,238.10371,112.81478,RB,4,7
Puka Nacua,253.14996,107.548004,WR,3,8
Chase Brown,232.12695,106.83802,RB,5,9
Amon-Ra St. Brown,248.50978,102.90782,WR,4,10
James Cook,221.995,96.70606,RB,6,11
Kyren Williams,209.40068,84.11175,RB,7,12
Derrick Henry,208.6541,83.365166,RB,8,13
Christian McCaffrey,207.3633,82.07436,RB,9,14
Zay Flowers,226.68657,81.08461,WR,5,15
George Pickens,218.37552,72.77356,WR,6,16
Breece Hall,197.26668,71.977745,RB,10,17
Baker Mayfield,272.9755,66.69011,QB,1,18
Saquon Barkley,191.01749,65.72855,RB,11,19
Josh Jacobs,190.42923,65.1403,RB,12,20
Travis Etienne,189.06567,63.77674,RB,13,21
Javonte Williams,187.13028,61.841347,RB,14,22
Patrick Mahomes,264.00577,57.720383,QB,2,23
Ashton Jeanty,180.67024,55.38131,RB,15,24
D'Andre Swift,180.538,55.24906,RB,16,25
TreVeyon Henderson,178.63333,53.3444,RB,17,26
AJ Barner,181.58174,53.23491,TE,2,27
Bo Nix,259.41586,53.130478,QB,3,28
Tetairoa McMillan,192.17465,46.572693,WR,7,29
Jameson Williams,191.97675,46.374786,WR,8,30
Omarion Hampton,170.29651,45.007576,RB,18,31
Kyle Pitts,173.17288,44.82605,TE,3,32
RJ Harvey,168.28098,42.992043,RB,19,33
Chris Olave,185.13417,39.53221,WR,9,34
Brian Thomas Jr.,183.68307,38.081116,WR,10,35
Kenneth Walker III,160.02577,34.73684,RB,20,36
Zach Charbonnet,155.61389,30.324959,RB,21,37
Rachaad White,155.09244,29.803505,RB,22,38
Lamar Jackson,235.80751,29.522125,QB,4,39
Drake London,174.20761,28.605652,WR,11,40
Wan'Dale Robinson,172.60524,27.00328,WR,12,41
Colston Loveland,155.19061,26.84378,TE,4,42
Jared Goff,232.85881,26.573425,QB,5,43
Quentin Johnston,171.85358,26.251617,WR,13,44
Justin Jefferson,171.532,25.930038,WR,14,45
Josh Allen,232.00978,25.724396,QB,6,46
Juwan Johnson,152.99925,24.65242,TE,5,47
Mark Andrews,152.21861,23.87178,TE,6,48
Hunter Henry,151.84239,23.49556,TE,7,49
Rico Dowdle,143.40588,18.116951,RB,23,50
Dalton Schultz,145.9913,17.64447,TE,8,51
Ladd McConkey,162.78238,17.18042,WR,15,52
Malik Nabers,162.69975,17.097794,WR,16,53
Sam Darnold,222.92857,16.643188,QB,7,54
Tony Pollard,141.59164,16.302711,RB,24,55
Quinshon Judkins,141.50493,16.215996,RB,25,56
Rhamondre Stevenson,140.71204,15.423103,RB,26,57
David Montgomery,138.58377,13.294838,RB,27,58
Jordan Love,218.60266,12.317276,QB,8,59
Brock Purdy,218.56403,12.278641,QB,9,60
A.J. Brown,156.97733,11.375366,WR,17,61
Luther Burden III,156.84457,11.242615,WR,18,62
DeVonta Smith,156.72252,11.12056,WR,19,63
Michael Wilson,156.27472,10.67276,WR,20,64
Parker Washington,155.26707,9.665115,WR,21,65
Brock Bowers,137.62135,9.274521,TE,9,66
Matthew Stafford,214.95958,8.674194,QB,10,67
CeeDee Lamb,152.45181,6.8498535,WR,22,68
Dallas Goedert,133.36742,5.020584,TE,10,69
Xavier Worthy,150.56296,4.9609985,WR,23,70
Jakobi Meyers,150.26021,4.658249,WR,24,71
DJ Moore,149.53558,3.9336243,WR,25,72
Jordan Mason,128.84506,3.5561295,RB,28,73
Khalil Shakir,148.31119,2.7092285,WR,26,74
Terry McLaurin,146.51875,0.9167938,WR,27,75
Tyler Warren,129.03476,0.68792725,TE,11,76
Tre Tucker,146.28409,0.6821289,WR,28,77
Nico Collins,146.08456,0.48260498,WR,29,78
Kenny Gainwell,125.55527,0.26633453,RB,29,79
Drake Maye,206.50345,0.21806335,QB,11,80
Jaxson Dart,206.28539,0.0,QB,12,81
Tyjae Spears,125.28893,0.0,RB,30,82
Jake Ferguson,128.34683,0.0,TE,12,83
Stefon Diggs,145.60196,0.0,WR,30,84
Joe Burrow,206.08278,-0.2026062,QB,13,85
Davante Adams,145.30258,-0.29937744,WR,31,86
Alec Pierce,145.11523,-0.48672485,WR,32,87
Jaylen Warren,123.56218,-1.7267532,RB,31,88
Sam LaPorta,125.38806,-2.9587708,TE,13,89
Bucky Irving,122.03745,-3.25148,RB,32,90
Tyrone Tracy Jr.,121.852196,-3.436737,RB,33,91
Chuba Hubbard,120.545265,-4.7436676,RB,34,92
Rome Odunze,140.46396,-5.1380005,WR,33,93
Kyle Monangai,119.456436,-5.8324966,RB,35,94
J.K. Dobbins,119.06414,-6.2247925,RB,36,95
Jaylen Waddle,139.2725,-6.3294525,WR,34,96
Garrett Wilson,139.01378,-6.5881805,WR,35,97
Emeka Egbuka,137.02628,-8.575684,WR,36,98
Troy Franklin,136.49692,-9.1050415,WR,37,99
Oronde Gadsden II,119.22011,-9.126724,TE,14,100
Kareem Hunt,116.07845,-9.21048,RB,37,101
Courtland Sutton,135.76566,-9.836304,WR,38,102
Harold Fannin Jr.,117.342285,-11.004547,TE,15,103
George Kittle,116.89021,-11.456619,TE,16,104
Josh Downs,133.90767,-11.69429,WR,39,105
Jerry Jeudy,133.11781,-12.484146,WR,40,106
Keenan Allen,132.8231,-12.778854,WR,41,107
Tee Higgins,132.1814,-13.420563,WR,42,108
Aaron Jones,110.82122,-14.467712,RB,38,109
Travis Kelce,113.54536,-14.801476,TE,17,110
Brenton Strange,112.78452,-15.562309,TE,18,111
Marvin Harrison Jr.,129.07158,-16.53038,WR,43,112
Jalen Hurts,188.69112,-17.594269,QB,14,113
Jayden Higgins,127.90119,-17.700768,WR,44,114
Pat Freiermuth,110.318794,-18.028038,TE,19,115
Bryce Young,188.19264,-18.092743,QB,15,116
Woody Marks,106.42834,-18.860596,RB,39,117
Cade Otton,109.0684,-19.278435,TE,20,118
Cam Skattebo,105.73485,-19.554085,RB,40,119
Jacory Croskey-Merritt,105.49912,-19.78981,RB,41,120
Rashid Shaheed,124.978836,-20.623123,WR,45,121
Alvin Kamara,104.64307,-20.645866,RB,42,122
DK Metcalf,124.11441,-21.487549,WR,46,123
Marvin Mims Jr.,123.97725,-21.62471,WR,47,124
Caleb Williams,184.35332,-21.932068,QB,16,125
Deebo Samuel Sr.,123.61396,-21.987999,WR,48,126
Matthew Golden,123.434654,-22.167305,WR,49,127
Adonai Mitchell,123.115974,-22.485985,WR,50,128
C.J. Stroud,183.10042,-23.184967,QB,17,129
Tucker Kraft,104.41731,-23.92952,TE,21,130
Jordan Addison,121.154015,-24.447945,WR,51,131
Mason Taylor,103.41019,-24.936646,TE,22,132
Dalton Kincaid,103.14093,-25.205902,TE,23,133
Chimere Dike,120.29061,-25.311348,WR,52,134
Elic Ayomanor,120.17365,-25.428307,WR,53,135
Isaiah Davis,99.67356,-25.615372,RB,43,136
Jauan Jennings,119.48173,-26.120232,WR,54,137
Emanuel Wilson,98.83327,-26.455666,RB,44,138
Romeo Doubs,119.13777,-26.464188,WR,55,139
Daniel Jones,179.69621,-26.589172,QB,18,140
Kayshon Boutte,118.58757,-27.014389,WR,56,141
Najee Harris,97.65759,-27.63134,RB,45,142
Chig Okonkwo,100.69454,-27.65229,TE,24,143
Mike Evans,116.31733,-29.28463,WR,57,144
Blake Corum,95.70166,-29.587273,RB,46,145
Michael Pittman,115.85675,-29.745209,WR,58,146
Trevor Lawrence,176.18576,-30.099625,QB,19,147
Xavier Legette,114.48918,-31.112778,WR,59,148
Theo Johnson,97.17146,-31.17537,TE,25,149
Keon Coleman,113.11733,-32.484627,WR,60,150
Tyler Allgeier,91.56087,-33.728065,RB,47,151
DeMario Douglas,111.44113,-34.160828,WR,61,152
Tank Bigsby,90.944046,-34.344887,RB,48,153
Brian Robinson,90.179726,-35.109207,RB,49,154
Tua Tagovailoa,169.2964,-36.988983,QB,20,155
Jayden Reed,107.60434,-37.99762,WR,62,156
Malik Washington,106.374725,-39.227234,WR,63,157
Jonnu Smith,89.10291,-39.24392,TE,26,158
Dylan Sampson,85.2014,-40.087532,RB,50,159
Michael Carter,83.46047,-41.82846,RB,51,160
Braelon Allen,83.403824,-41.88511,RB,52,161
Tyreek Hill,103.30615,-42.295807,WR,64,162
Gunnar Helm,86.049164,-42.29767,TE,27,163
Ryan Flournoy,103.23646,-42.3655,WR,65,164
T.J. Hockenson,85.731155,-42.615677,TE,28,165
Devin Singletary,81.81191,-43.47702,RB,53,166
Dak Prescott,162.7866,-43.49878,QB,21,167
Audric Estimé,81.05107,-44.23786,RB,54,168
Colby Parkinson,83.68468,-44.662155,TE,29,169
Rashee Rice,100.91438,-44.687576,WR,66,170
Justin Herbert,161.51881,-44.76657,QB,22,171
Nick Chubb,80.47522,-44.813713,RB,55,172
Ricky Pearsall,99.37696,-46.225,WR,67,173
Marquise Brown,98.58368,-47.01828,WR,68,174
Noah Fant,81.1183,-47.22853,TE,30,175
Calvin Ridley,97.5398,-48.062157,WR,69,176
Trey Benson,77.074486,-48.214447,RB,56,177
Christian Watson,97.38625,-48.215706,WR,70,178
Jaylen Wright,76.5668,-48.72213,RB,57,179
Cole Kmet,79.05128,-49.295555,TE,31,180
Evan Engram,79.02965,-49.317184,TE,32,181
Miles Sanders,75.68034,-49.60859,RB,58,182
Darnell Mooney,95.865364,-49.736595,WR,71,183
Darnell Washington,77.34812,-50.99871,TE,33,184
Bhayshul Tuten,74.08703,-51.201904,RB,59,185
Mitchell Evans,76.82337,-51.52346,TE,34,186
Xavier Hutchinson,93.75073,-51.851227,WR,72,187
Tre Harris,93.27032,-52.331642,WR,73,188
James Conner,72.22013,-53.0688,RB,60,189
Savion Williams,92.365005,-53.236954,WR,74,190
Tez Johnson,91.86323,-53.73873,WR,75,191
Pat Bryant,91.806435,-53.795525,WR,76,192
Keaton Mitchell,71.20023,-54.0887,RB,61,193
Sean Tucker,70.74613,-54.5428,RB,62,194
Malachi Corley,90.551315,-55.050644,WR,77,195
Chris Rodriguez Jr.,69.70259,-55.58634,RB,63,196
Dyami Brown,89.97392,-55.628036,WR,78,197
Jaylin Noel,89.84602,-55.755936,WR,79,198
Bam Knight,69.52381,-55.76512,RB,64,199
Kendre Miller,69.03542,-56.25351,RB,65,200
Kimani Vidal,68.783936,-56.504997,RB,66,201
KaVontae Turpin,88.812546,-56.789413,WR,80,202
Zach Ertz,71.25263,-57.0942,TE,35,203
Samaje Perine,67.7246,-57.56433,RB,67,204
Emari Demercado,67.283615,-58.005318,RB,68,205
Isaac TeSlaa,87.50877,-58.093185,WR,81,206
Jake Tonges,70.062996,-58.283836,TE,36,207
Devin Neal,66.90983,-58.379105,RB,69,208
Mike Gesicki,69.57538,-58.771454,TE,37,209
Jalen McMillan,86.754425,-58.847534,WR,82,210
Kyler Murray,147.41582,-58.869568,QB,23,211
Jeremy McNichols,65.41122,-59.877716,RB,70,212
Clyde Edwards-Helaire,65.266594,-60.02234,RB,71,213
Jayden Daniels,146.08313,-60.202255,QB,24,214
Greg Dulcich,67.226135,-61.120697,TE,38,215
Ameer Abdullah,63.70871,-61.580223,RB,72,216
Elijah Arroyo,66.66946,-61.677376,TE,39,217
Jalen Coker,83.79054,-61.811417,WR,83,218
Brashard Smith,63.420452,-61.86848,RB,73,219
David Njoku,66.30621,-62.04062,TE,40,220
Taysom Hill,65.550095,-62.796738,TE,41,221
DJ Giddens,62.131912,-63.15702,RB,74,222
Isiah Pacheco,62.031086,-63.257847,RB,75,223
Ja'Tavion Sanders,65.0086,-63.338234,TE,42,224
Ty Johnson,61.61137,-63.677563,RB,76,225
AJ Dillon,61.406487,-63.882446,RB,77,226
Jerome Ford,61.250088,-64.03885,RB,78,227
Darren Waller,64.1904,-64.15643,TE,43,228
Isaiah Likely,63.88815,-64.45868,TE,44,229
Ray Davis,60.434345,-64.85458,RB,79,230
Aaron Rodgers,140.97292,-65.31247,QB,25,231
Antonio Gibson,59.22859,-66.06035,RB,80,232
Jalen Nailor,79.09011,-66.51185,WR,84,233
Michael Mayer,60.846405,-67.50043,TE,45,234
Andrei Iosivas,78.036354,-67.565605,WR,85,235
Justice Hill,57.22748,-68.06145,RB,81,236
Dawson Knox,59.366142,-68.98069,TE,46,237
Terrance Ferguson,59.102654,-69.24418,TE,47,238
Rashod Bateman,76.05178,-69.55018,WR,86,239
John Metchie III,75.61155,-69.99041,WR,87,240
Daniel Bellinger,58.151943,-70.194885,TE,48,241
Jack Bech,75.07561,-70.52635,WR,88,242
Tommy Tremble,57.638992,-70.70784,TE,49,243
Dontayvion Wicks,74.69156,-70.9104,WR,89,244
DeAndre Hopkins,74.638176,-70.96378,WR,90,245
Cooper Kupp,73.84184,-71.76012,WR,91,246
Isaiah Bond,73.76062,-71.84134,WR,92,247
Ollie Gordon II,53.23312,-72.05582,RB,82,248
Roschon Johnson,52.986603,-72.30233,RB,83,249
Mack Hollins,73.15988,-72.44208,WR,93,250
Roman Wilson,72.83579,-72.76617,WR,94,251
Calvin Austin III,72.604,-72.99796,WR,95,252
Elijah Moore,72.02495,-73.57701,WR,96,253
Cam Akers,51.325344,-73.96359,RB,84,254
Jaleel McLaughlin,51.18218,-74.10675,RB,85,255
Darius Slayton,70.83351,-74.76845,WR,97,256
Kyle Williams,70.404305,-75.197655,WR,98,257
Austin Hooper,52.23777,-76.10906,TE,50,258
Isaac Guerendo,48.727764,-76.56117,RB,86,259
Noah Gray,51.708515,-76.63832,TE,51,260
Luke Schoonmaker,51.38419,-76.96265,TE,52,261
Geno Smith,128.88246,-77.40292,QB,26,262
Austin Ekeler,47.883766,-77.40517,RB,87,263
Luke Musgrave,49.81943,-78.527405,TE,53,264
Cedric Tillman,66.9487,-78.65326,WR,99,265
Tyler Badie,46.392056,-78.89688,RB,88,266
Olamide Zaccheaus,66.59485,-79.00711,WR,100,267
Josh Palmer,66.5116,-79.09036,WR,101,268
LeQuint Allen Jr.,45.97846,-79.31047,RB,89,269
Ben Sinnott,48.99588,-79.35095,TE,54,270
Hassan Haskins,45.783344,-79.505585,RB,90,271
Chris Brooks,45.535397,-79.75354,RB,91,272
Elijah Higgins,48.282513,-80.064316,TE,55,273
Trevor Etienne,44.78411,-80.50482,RB,92,274
Jaydon Blue,44.733013,-80.55592,RB,93,275
Will Shipley,44.10216,-81.18677,RB,94,276
Kendrick Bourne,64.40503,-81.19693,WR,102,277
Corey Kiner,43.608723,-81.68021,RB,95,278
J.J. McCarthy,124.43962,-81.845764,QB,27,279
Greg Dortch,63.418053,-82.18391,WR,103,280
Hunter Luepke,42.970226,-82.31871,RB,96,281
Jackson Hawes,45.622925,-82.72391,TE,56,282
Jalen Tolbert,62.610184,-82.991776,WR,104,283
Trey Sermon,42.27808,-83.01085,RB,97,284
Kaleb Johnson,42.126667,-83.16226,RB,98,285
Jaret Patterson,42.06159,-83.22734,RB,99,286
Amar Johnson,41.961628,-83.3273,RB,100,287
Jimmy Horn Jr.,62.242992,-83.35896,WR,105,288
Jeremy Ruckert,44.89789,-83.448944,TE,57,289
Mason Tipton,61.917706,-83.68425,WR,106,290
Jahan Dotson,61.090847,-84.51111,WR,107,291
Jelani Woods,43.78288,-84.56395,TE,58,292
Tyquan Thornton,60.62763,-84.974335,WR,108,293
Jaylin Lane,60.47431,-85.12765,WR,109,294
Nate Carter,39.39381,-85.89513,RB,101,295
Tyler Goodson,39.393276,-85.89566,RB,102,296
Phil Mafah,39.001972,-86.28696,RB,103,297
Zamir White,38.651028,-86.63791,RB,104,298
Mac Jones,119.41908,-86.8663,QB,28,299
Raheim Sanders,38.249523,-87.03941,RB,105,300
Tutu Atwell,57.69973,-87.90223,WR,110,301
Chris Godwin Jr.,57.16193,-88.44003,WR,111,302
Tyler Higbee,39.86122,-88.48561,TE,59,303
Dont'e Thornton Jr.,57.077126,-88.52483,WR,112,304
Dameon Pierce,36.6061,-88.68283,RB,106,305
Sterling Shepard,56.877613,-88.72435,WR,113,306
DeeJay Dallas,36.50152,-88.787415,RB,107,307
Sione Vaki,36.41509,-88.87384,RB,108,308
Davis Allen,39.21427,-89.13256,TE,60,309
Rasheen Ali,36.131176,-89.15776,RB,109,310
Evan Hull,35.57261,-89.716324,RB,110,311
Tory Horton,55.790382,-89.81158,WR,114,312
Adam Trautman,37.92001,-90.42682,TE,61,313
Will Dissly,37.871464,-90.47537,TE,62,314
Adam Thielen,55.124783,-90.47717,WR,115,315
Foster Moreau,37.56871,-90.77812,TE,63,316
Tanner Hudson,37.34314,-91.00369,TE,64,317
Jawhar Jordan,34.268993,-91.01994,RB,111,318
Josh Whyle,35.934883,-92.41195,TE,65,319
Josh Oliver,35.52997,-92.816864,TE,66,320
Devaughn Vele,52.743694,-92.85826,WR,116,321
Zavier Scott,32.402027,-92.8869,RB,112,322
Tyler Lockett,52.66581,-92.93615,WR,117,323
Treylon Burks,52.59518,-93.006775,WR,118,324
Jonathan Mingo,52.415634,-93.186325,WR,119,325
Malik Davis,32.050854,-93.23808,RB,113,326
Ray-Ray McCloud,52.32904,-93.27292,WR,120,327
Allen Lazard,52.189186,-93.41277,WR,121,328
Chase Edmonds,31.702522,-93.58641,RB,114,329
Arian Smith,52.01147,-93.590485,WR,122,330
Isaiah Williams,52.008293,-93.593666,WR,123,331
Robbie Ouzts,30.86901,-94.41992,RB,115,332
Terrell Jennings,30.80146,-94.48747,RB,116,333
Tyler Conklin,33.85929,-94.48754,TE,67,334
Skyy Moore,50.79188,-94.810074,WR,124,335
Ty Chandler,29.946545,-95.34239,RB,117,336
Nick Westbrook-Ikhine,49.802494,-95.79947,WR,125,337
Nyheim Hines,29.283373,-96.00556,RB,118,338
Raheem Mostert,28.812807,-96.47613,RB,119,339
Brandin Cooks,48.99134,-96.61062,WR,126,340
Elijah Mitchell,28.51721,-96.77172,RB,120,341
Tai Felton,48.580032,-97.02193,WR,127,342
Harrison Bryant,31.21145,-97.13538,TE,68,343
Cameron Latu,31.19007,-97.15676,TE,69,344
Kalif Raymond,47.995354,-97.606606,WR,128,345
Kalel Mullings,27.521652,-97.76728,RB,121,346
Johnny Mundt,30.165678,-98.18115,TE,70,347
Avery Williams,26.662817,-98.626114,RB,122,348
Feleipe Franks,29.47925,-98.867584,TE,71,349
Van Jefferson,46.522346,-99.07961,WR,129,350
Khalil Herbert,26.191551,-99.09738,RB,123,351
Tim Patrick,46.49419,-99.10777,WR,130,352
Kylen Granson,29.008427,-99.33841,TE,72,353
Hunter Long,28.999496,-99.347336,TE,73,354
Tahj Brooks,25.842283,-99.44665,RB,124,355
Derius Davis,46.114006,-99.48795,WR,131,356
Drew Sample,28.661545,-99.68529,TE,74,357
Tip Reiman,28.566679,-99.78015,TE,75,358
Mo Alie-Cox,28.446863,-99.89997,TE,76,359
Eric Gray,25.05858,-100.230354,RB,125,360
Kene Nwangwu,24.861954,-100.42698,RB,126,361
Justin Shorter,27.599674,-100.74716,TE,77,362
Charlie Kolar,27.587843,-100.75899,TE,78,363
Kendall Milton,24.385256,-100.90368,RB,127,364
Ronnie Rivers,24.334005,-100.954926,RB,128,365
Luke McCaffrey,44.636692,-100.96527,WR,132,366
Luke Farrell,27.331991,-101.01484,TE,79,367
Trayveon Williams,24.238873,-101.050064,RB,129,368
Devontez Walker,44.519096,-101.08286,WR,133,369
Grant Calcaterra,26.881384,-101.46545,TE,80,370
JuJu Smith-Schuster,43.95941,-101.64255,WR,134,371
Jacardia Wright,23.381348,-101.907585,RB,130,372
Julius Chestnut,23.272991,-102.015945,RB,131,373
Gabe Davis,43.324905,-102.277054,WR,135,374
Robert Tonyan,25.98988,-102.35695,TE,81,375
Cam Ward,103.678604,-102.60678,QB,29,376
Cade Stover,25.650953,-102.69588,TE,82,377
Dylan Laube,21.846714,-103.442215,RB,132,378
Gage Larvadain,41.949142,-103.65282,WR,136,379
Lew Nichols III,21.618809,-103.67012,RB,133,380
Payne Durham,24.532948,-103.81389,TE,83,381
Tyler Shough,102.4442,-103.84119,QB,30,382
Jordan Whittington,41.535187,-104.06677,WR,137,383
Lil'Jordan Humphrey,41.475094,-104.12686,WR,138,384
Jalin Hyatt,41.26875,-104.333206,WR,139,385
Curtis Samuel,41.194588,-104.40737,WR,140,386
Demarcus Robinson,41.068108,-104.53385,WR,141,387
Jordan Mims,20.464321,-104.824615,RB,134,388
Julian Hill,23.281761,-105.06507,TE,84,389
Brevyn Spann-Ford,23.254972,-105.09186,TE,85,390
Brock Wright,23.221436,-105.1254,TE,86,391
Brittain Brown,20.109074,-105.179855,RB,135,392
Ulysses Bentley IV,19.977695,-105.31123,RB,136,393
Jared Wiley,22.96622,-105.380615,TE,87,394
British Brooks,19.742992,-105.545944,RB,137,395
Stone Smartt,22.777946,-105.568886,TE,88,396
Christian Kirk,39.831444,-105.770515,WR,142,397
Tyrell Shavers,39.366898,-106.23506,WR,143,398
Jacob Saylors,18.99853,-106.290405,RB,138,399
Josiah Deguara,21.805826,-106.54101,TE,89,400
John Bates,21.5612,-106.78563,TE,90,401
Ashton Dulin,38.776302,-106.82565,WR,144,402
Ian Thomas,21.115427,-107.23141,TE,91,403
Dare Ogunbowale,18.0061,-107.28284,RB,139,404
Patrick Ricard,17.79986,-107.489075,RB,140,405
George Holani,17.526442,-107.76249,RB,141,406
D'Ernest Johnson,17.360062,-107.92887,RB,142,407
Konata Mumpfield,37.451168,-108.15079,WR,145,408
Noah Brown,37.392426,-108.20953,WR,146,409
Tanner Conner,20.088844,-108.25799,TE,92,410
Reggie Gilliam,16.829248,-108.45969,RB,143,411
Jalen Royals,37.03683,-108.565125,WR,147,412
Xavier Smith,36.565083,-109.03688,WR,148,413
David Sills,36.503345,-109.09862,WR,149,414
Jordan Watkins,36.16819,-109.43377,WR,150,415
Michael Penix Jr.,96.85127,-109.43411,QB,31,416
Chris Manhertz,18.73807,-109.608765,TE,93,417
Kameron Johnson,35.917408,-109.684555,WR,151,418
Will Mallory,18.646105,-109.70073,TE,94,419
KeAndre Lambert-Smith,35.726753,-109.875206,WR,152,420
Jahdae Walker,35.700043,-109.90192,WR,153,421
Dee Eskridge,35.388145,-110.21381,WR,154,422
Anthony Firkser,18.127012,-110.21982,TE,95,423
Owen Wright,15.042906,-110.246025,RB,144,424
LaJohntay Wester,35.173775,-110.428185,WR,155,425
Anthony Gould,34.969578,-110.632385,WR,156,426
Quentin Skinner,34.933807,-110.66815,WR,157,427
Eric Saubert,17.592758,-110.754074,TE,96,428
John FitzPatrick,17.498037,-110.84879,TE,97,429
Josh Williams,14.362778,-110.926155,RB,145,430
Colson Yankoff,17.257662,-111.08917,TE,98,431
Marcedes Lewis,16.925993,-111.42084,TE,99,432
Darius Cooper,34.083088,-111.518875,WR,158,433
Myles Gaskin,13.734171,-111.55476,RB,146,434
Keleki Latu,16.78759,-111.55924,TE,100,435
Dante Pettis,33.08687,-112.51509,WR,159,436
Quintin Morris,15.73209,-112.614746,TE,101,437
Travis Homer,12.516538,-112.77239,RB,147,438
Durham Smythe,15.456724,-112.89011,TE,102,439
Gary Brightwell,12.333279,-112.95566,RB,148,440
Teagan Quitoriano,15.288042,-113.05879,TE,103,441
David Moore,32.531425,-113.07053,WR,160,442
Tyler Johnson,32.459038,-113.14292,WR,161,443
Moliki Matavao,15.002941,-113.34389,TE,104,444
Jacoby Brissett,92.85678,-113.428604,QB,32,445
Thomas Fidone II,14.907367,-113.43947,TE,105,446
Mitchell Tinsley,32.061157,-113.5408,WR,162,447
Devin Culp,14.644386,-113.702446,TE,106,448
Tahj Washington,31.822105,-113.779854,WR,163,449
Craig Reynolds,11.239651,-114.049286,RB,149,450
Theo Wease Jr.,31.494015,-114.10794,WR,164,451
Brycen Tremayne,31.390862,-114.2111,WR,165,452
Mecole Hardman,31.128338,-114.47362,WR,166,453
Chris Moore,30.867764,-114.73419,WR,167,454
Kevin Austin Jr.,30.53181,-115.070145,WR,168,455
Ben Sims,13.172976,-115.17386,TE,107,456
Efton Chism III,30.371056,-115.2309,WR,169,457
Brady Russell,9.820844,-115.46809,RB,150,458
Charlie Woerner,12.863234,-115.4836,TE,108,459
Ryan Miller,29.92495,-115.67701,WR,170,460
Brayden Willis,12.565842,-115.78099,TE,109,461
Albert Okwuegbunam,12.492964,-115.85387,TE,110,462
Brenden Bates,12.482598,-115.864235,TE,111,463
Jacoby Jones,29.662556,-115.93941,WR,171,464
Andrew Ogletree,12.347893,-115.99894,TE,112,465
Ross Dwelley,12.059628,-116.2872,TE,113,466
Philip Rivers,89.95903,-116.326355,QB,33,467
Xavier Restrepo,29.17723,-116.42473,WR,172,468
Lucas Krull,11.86808,-116.47875,TE,114,469
Jakob Johnson,8.741962,-116.54697,RB,151,470
DeAndre Carter,29.034245,-116.56772,WR,173,471
Jack Stoll,11.630125,-116.716705,TE,115,472
E.J. Jenkins,11.569513,-116.77732,TE,116,473
Casey Washington,28.784367,-116.8176,WR,174,474
Deven Thompkins,28.730171,-116.87179,WR,175,475
Velus Jones Jr.,28.730148,-116.87181,WR,176,476
Jamari Thrash,28.66198,-116.93998,WR,177,477
Sal Cannella,11.389109,-116.957726,TE,117,478
Pharaoh Brown,11.387822,-116.95901,TE,118,479
Dalevon Campbell,28.522484,-117.079475,WR,178,480
Malik Heath,28.50637,-117.09559,WR,179,481
Nate Adkins,11.096443,-117.25039,TE,119,482
Beaux Collins,28.165485,-117.43648,WR,180,483
David Martin-Robinson,10.862565,-117.48427,TE,120,484
Tylan Wallace,27.774826,-117.82713,WR,181,485
Gunner Olszewski,26.8455,-118.756454,WR,182,486
Myles Price,26.7128,-118.88916,WR,183,487
James Mitchell,9.403641,-118.94319,TE,121,488
Shane Zylstra,9.328716,-119.01811,TE,122,489
Justin Watson,26.373848,-119.22811,WR,184,490
Travis Vokolek,8.9208555,-119.42598,TE,123,491
Kirk Cousins,86.82503,-119.46036,QB,34,492
Marquez Valdes-Scantling,25.712322,-119.88963,WR,185,493
DJ Turner,25.582092,-120.01987,WR,186,494
Hayden Rucci,8.322068,-120.024765,TE,124,495
Dominic Lovett,25.464172,-120.13779,WR,187,496
Drake Dabney,7.956632,-120.3902,TE,125,497
Giovanni Ricci,7.699438,-120.64739,TE,126,498
Ben Yurosek,7.66767,-120.67916,TE,127,499
Zaire Mitchell-Paden,7.501861,-120.84497,TE,128,500
Ke'Shawn Williams,24.753162,-120.8488,WR,188,501
Tucker Fisk,7.380516,-120.96632,TE,129,502
Parris Campbell,24.443226,-121.15874,WR,189,503
Hunter Renfrow,24.422989,-121.17897,WR,190,504
Devin Duvernay,24.35579,-121.24617,WR,191,505
Robbie Chosen,24.29057,-121.311386,WR,192,506
Britain Covey,24.084896,-121.51706,WR,193,507
Nikola Kalinic,6.827675,-121.51916,TE,130,508
Carter Runyon,6.7810802,-121.56575,TE,131,509
Blake Whiteheart,6.7471275,-121.5997,TE,132,510
Jamal Agnew,23.77303,-121.82893,WR,194,511
Xavier Weaver,23.503906,-122.09805,WR,195,512
Nick Kallerup,6.145049,-122.20178,TE,133,513
Cody White,23.337887,-122.26407,WR,196,514
Laquon Treadwell,23.33405,-122.267914,WR,197,515
Princeton Fant,5.9115667,-122.435265,TE,134,516
Cam Grandy,5.6164117,-122.73042,TE,135,517
Charlie Jones,22.821613,-122.78035,WR,198,518
Bryce Oliver,22.58102,-123.020935,WR,199,519
Xavier Gipson,22.482769,-123.11919,WR,200,520
Jake Bobo,22.395588,-123.206375,WR,201,521
River Cracraft,22.276638,-123.32532,WR,202,522
KhaDarel Hodge,22.227165,-123.374794,WR,203,523
Zay Jones,21.979736,-123.62222,WR,204,524
Josh Reynolds,21.95781,-123.64415,WR,205,525
Ko Kieft,4.700698,-123.64613,TE,136,526
Coleman Owen,21.835464,-123.766495,WR,206,527
Tom Kennedy,21.487587,-124.11437,WR,207,528
Nikko Remigio,21.439842,-124.16212,WR,208,529
Dalen Cambre,21.14587,-124.456085,WR,209,530
Dylan Drummond,21.06173,-124.54023,WR,210,531
Trent Sherfield,21.05222,-124.54974,WR,211,532
Jared Wayne,20.879902,-124.72206,WR,212,533
Alex Bachman,20.670403,-124.93156,WR,213,534
Austin Trammell,20.625774,-124.97618,WR,214,535
Michael Bandy,20.545094,-125.05687,WR,215,536
Jalen Moreno-Cropper,20.458721,-125.143234,WR,216,537
Shedrick Jackson,20.13287,-125.469086,WR,217,538
Steven Sims,20.131989,-125.46997,WR,218,539
Scott Miller,19.95639,-125.64557,WR,219,540
Ben Skowronek,19.418587,-126.18337,WR,220,541
Andre Baccellia,19.132301,-126.46966,WR,221,542
Mason Kinsey,18.755577,-126.84638,WR,222,543
Jalen Brooks,18.704102,-126.89786,WR,223,544
Jakobie Keeney-James,18.596703,-127.00526,WR,224,545
Anthony Richardson,79.14473,-127.140656,QB,35,546
Jason Brownlee,18.24858,-127.35338,WR,225,547
Simi Fehoko,17.722042,-127.87991,WR,226,548
Dareke Young,17.399773,-128.20218,WR,227,549
Malik Turner,17.118881,-128.48308,WR,228,550
Tay Martin,16.7761,-128.82587,WR,229,551
Chris Blair,16.466915,-129.13504,WR,230,552
Cedrick Wilson Jr.,16.307291,-129.29466,WR,231,553
Tim Jones,16.110561,-129.4914,WR,232,554
Malik Cunningham,15.861004,-129.74095,WR,233,555
Jeshaun Jones,15.856771,-129.7452,WR,234,556
Braxton Berrios,15.614179,-129.98778,WR,235,557
Shedeur Sanders,76.20549,-130.0799,QB,36,558
Kaden Davis,15.209797,-130.39217,WR,236,559
Ronnie Bell,14.906522,-130.69543,WR,237,560
Isaiah Hodgins,14.729818,-130.87215,WR,238,561
Spencer Rattler,75.35092,-130.93446,QB,37,562
Russell Wilson,73.08327,-133.20212,QB,38,563
James Proche,11.958512,-133.64345,WR,239,564
Jameis Winston,72.571846,-133.71353,QB,39,565
Jalen Milroe,72.370636,-133.91475,QB,40,566
Samori Toure,9.670104,-135.93185,WR,240,567
Justin Fields,69.6653,-136.62009,QB,41,568
Marcus Mariota,64.80868,-141.47672,QB,42,569
Zach Wilson,63.849335,-142.43605,QB,43,570
Joe Flacco,63.460064,-142.82532,QB,44,571
Malik Willis,62.077984,-144.2074,QB,45,572
Dillon Gabriel,61.194496,-145.09088,QB,46,573
Quinn Ewers,59.787132,-146.49826,QB,47,574
Mitchell Trubisky,57.71812,-148.56726,QB,48,575
Davis Mills,55.315495,-150.9699,QB,49,576
Riley Leonard,54.544147,-151.74124,QB,50,577
Joe Milton III,51.538876,-154.7465,QB,51,578
Kenny Pickett,50.900974,-155.38441,QB,52,579
Adrian Martinez,49.85086,-156.43452,QB,53,580
Tanner McKee,48.891705,-157.39368,QB,54,581
Mason Rudolph,48.066814,-158.21857,QB,55,582
Jake Browning,48.031414,-158.25397,QB,56,583
Carson Wentz,47.22968,-159.05571,QB,57,584
Drew Lock,45.773197,-160.51219,QB,58,585
Tyson Bagent,45.36027,-160.92511,QB,59,586
Jarrett Stidham,44.71238,-161.573,QB,60,587
Brady Cook,44.4705,-161.81488,QB,61,588
Aidan O'Connell,43.506813,-162.77856,QB,62,589
Kedon Slovis,42.047752,-164.23764,QB,63,590
Cooper Rush,41.55298,-164.7324,QB,64,591
Jimmy Garoppolo,41.5247,-164.76068,QB,65,592
Trey Lance,41.22123,-165.06415,QB,66,593
Tyrod Taylor,40.42335,-165.86203,QB,67,594
Max Brosmer,39.388966,-166.89642,QB,68,595
Shane Buechele,36.998882,-169.2865,QB,69,596
Brett Rypien,36.89198,-169.3934,QB,70,597
Tyler Huntley,36.624943,-169.66045,QB,71,598
Andy Dalton,34.48926,-171.79613,QB,72,599
Teddy Bridgewater,33.110146,-173.17523,QB,73,600
Nick Mullens,30.837753,-175.44763,QB,74,601
Chris Oladokun,30.486715,-175.79868,QB,75,602
Joshua Dobbs,30.355042,-175.93034,QB,76,603
Josh Johnson,29.488579,-176.79681,QB,77,604
Gardner Minshew,25.71243,-180.57295,QB,78,605
Clayton Tune,21.257267,-185.02812,QB,79,606
Kyle Allen,19.25578,-187.0296,QB,80,607
Brandon Allen,14.439729,-191.84566,QB,81,608
